Indiv_ID	CellID	ContactDateTime	ContactStatusID	Campaign_Code	Offer_Code	Contact_Channel	DirectResponse	
0	3938	2015-10-20 08:49:04.0	2	null	null	null	null	
0	3938	2015-10-20 08:59:24.0	2	null	null	null	null	
1	801	2012-01-09 12:42:52.0	2	null	null	null	null	
1	2359	2014-04-05 13:53:35.0	4	null	null	eMail	null	
1	2359	2012-05-06 14:34:03.0	4	C000007010	000000188	eMail	null	
1	2516	2014-01-01 00:00:00.0	2	null	null	null	null	
1	2526	2014-02-01 00:00:00.0	2	null	null	null	null	
1	2546	2014-04-01 00:00:00.0	2	null	null	null	null	
1	2931	2014-06-08 16:42:08.0	2	null	null	null	null	
1	3511	2014-11-18 15:27:49.0	2	null	null	null	null	
1	3511	2014-11-18 19:00:49.0	2	null	null	null	null	
1	3662	2015-03-28 17:14:22.0	2	null	null	null	null	
1	3662	2015-03-28 17:15:45.0	2	null	null	null	null	
1	3662	2015-03-28 17:31:52.0	2	null	null	null	null	
1	3933	2015-10-20 08:49:04.0	2	null	null	null	null	
1	3933	2015-10-20 08:59:24.0	2	null	null	null	null	
1	3933	2015-10-20 09:21:59.0	2	null	null	null	null	
1	3933	2015-10-20 10:06:47.0	2	null	null	null	null	
1	3934	2015-10-20 08:49:04.0	2	null	null	null	null	
1	3934	2015-10-20 08:59:24.0	2	null	null	null	null	
1	3934	2015-10-20 09:21:59.0	2	null	null	null	null	
1	3934	2015-10-20 10:06:47.0	2	null	null	null	null	
1	3938	2015-10-20 08:49:04.0	2	null	null	null	null	
1	3938	2015-10-20 08:59:24.0	2	null	null	null	null	
1	3939	2015-10-20 09:22:00.0	2	null	null	null	null	
1	3939	2015-10-20 10:06:48.0	2	null	null	null	null	
1	3942	2015-10-20 09:22:00.0	2	null	null	null	null	
1	3942	2015-10-20 10:06:48.0	2	null	null	null	null	
1	7140	2011-10-29 14:49:18.0	2	C000007008	null	null	null	
1	9720	2012-09-07 16:41:04.0	2	C000007056	000000358	null	null	
1	88081	2012-04-11 05:47:24.0	2	C000000148	000000200	null	null	
1	88419	2012-05-22 13:09:20.0	2	C000087062	000000094	null	null	
1	89121	2013-01-29 16:20:08.0	2	null	null	null	null	
1	89632	2012-12-03 14:59:06.0	2	null	null	null	null	
1	100094	2012-04-18 11:53:06.0	2	null	null	null	null	
1	100121	2012-04-18 14:26:39.0	2	null	null	null	null	
1	100121	2012-04-18 15:12:27.0	2	null	null	null	null	
1	100121	2012-04-18 15:20:04.0	2	null	null	null	null	
1	101941	2012-04-30 12:46:22.0	2	C000100097	000100110	eMail	null	
2	2362	2014-04-05 13:53:35.0	2	null	null	eMail	null	
2	2362	2012-05-06 14:34:03.0	2	C000007010	000000188	eMail	null	
2	2914	2014-06-08 17:01:04.0	2	null	null	null	null	
2	3511	2014-11-18 15:27:49.0	2	null	null	null	null	
2	3511	2014-11-18 19:00:49.0	2	null	null	null	null	
2	3662	2015-03-28 17:14:22.0	2	null	null	null	null	
2	3662	2015-03-28 17:15:45.0	2	null	null	null	null	
2	3662	2015-03-28 17:31:52.0	2	null	null	null	null	
2	3933	2015-10-20 08:49:04.0	2	null	null	null	null	
2	3933	2015-10-20 08:59:24.0	2	null	null	null	null	
2	3933	2015-10-20 09:21:59.0	2	null	null	null	null	
2	3933	2015-10-20 10:06:47.0	2	null	null	null	null	
2	3934	2015-10-20 08:49:04.0	2	null	null	null	null	
2	3934	2015-10-20 08:59:24.0	2	null	null	null	null	
2	3934	2015-10-20 09:21:59.0	2	null	null	null	null	
2	3934	2015-10-20 10:06:47.0	2	null	null	null	null	
2	3938	2015-10-20 08:49:04.0	2	null	null	null	null	
2	3938	2015-10-20 08:59:24.0	2	null	null	null	null	
2	3939	2015-10-20 09:22:00.0	2	null	null	null	null	
2	3939	2015-10-20 10:06:48.0	2	null	null	null	null	
2	3942	2015-10-20 09:22:00.0	2	null	null	null	null	
2	3942	2015-10-20 10:06:48.0	2	null	null	null	null	
2	7236	2012-05-25 16:39:57.0	2	null	null	null	null	
2	50037	2011-11-15 15:35:20.0	2	C000050007	000050005	Direct Mail	null	
2	50114	2011-11-15 14:36:21.0	2	C000050009	null	Direct Mail	null	
2	50175	2011-11-12 14:19:26.0	2	null	null	null	null	
2	88420	2012-05-22 13:09:20.0	2	C000087062	000000100	null	null	
2	89115	2013-01-29 16:20:08.0	2	null	null	null	null	
2	89632	2012-12-03 14:59:06.0	2	null	null	null	null	
2	100094	2012-04-18 11:53:06.0	2	null	null	null	null	
2	100121	2012-04-18 14:26:39.0	2	null	null	null	null	
2	100121	2012-04-18 15:12:27.0	2	null	null	null	null	
2	100121	2012-04-18 15:20:04.0	2	null	null	null	null	
2	101941	2012-04-30 12:46:22.0	2	C000100097	000100110	eMail	null	
3	801	2012-01-09 12:42:52.0	2	null	null	null	null	
3	2362	2014-04-05 13:53:35.0	2	null	null	eMail	null	
3	2362	2012-05-06 14:34:03.0	2	C000007010	000000188	eMail	null	
3	2516	2014-01-01 00:00:00.0	2	null	null	null	null	
3	2526	2014-02-01 00:00:00.0	2	null	null	null	null	
3	2546	2014-04-01 00:00:00.0	2	null	null	null	null	
3	2789	2014-06-08 14:21:41.0	2	null	null	null	null	
3	3510	2014-11-18 15:27:49.0	2	null	null	null	null	
3	3510	2014-11-18 19:00:49.0	2	null	null	null	null	
3	3933	2015-10-20 08:49:04.0	2	null	null	null	null	
3	3933	2015-10-20 08:59:24.0	2	null	null	null	null	
3	3933	2015-10-20 09:21:59.0	2	null	null	null	null	
3	3933	2015-10-20 10:06:47.0	2	null	null	null	null	
3	3934	2015-10-20 08:49:04.0	2	null	null	null	null	
3	3934	2015-10-20 08:59:24.0	2	null	null	null	null	
3	3934	2015-10-20 09:21:59.0	2	null	null	null	null	
3	3934	2015-10-20 10:06:47.0	2	null	null	null	null	
3	3938	2015-10-20 08:49:04.0	2	null	null	null	null	
3	3938	2015-10-20 08:59:24.0	2	null	null	null	null	
3	3939	2015-10-20 09:22:00.0	2	null	null	null	null	
3	3939	2015-10-20 10:06:48.0	2	null	null	null	null	
3	7236	2012-05-25 16:39:57.0	2	null	null	null	null	
3	9061	2012-09-06 10:46:49.0	2	null	null	null	null	
3	88419	2012-05-22 13:09:20.0	2	C000087062	000000094	null	null	
3	89632	2012-12-03 14:59:06.0	2	null	null	null	null	
3	100094	2012-04-18 11:53:06.0	2	null	null	null	null	
3	100125	2012-04-18 14:26:39.0	2	null	null	null	null	
3	100125	2012-04-18 15:12:27.0	2	null	null	null	null	
3	100125	2012-04-18 15:20:04.0	2	null	null	null	null	
3	100466	2012-04-24 23:36:53.0	2	null	null	null	null	
3	101941	2012-04-30 12:46:22.0	2	C000100097	000100110	eMail	null	
3	2088960232	2011-10-27 15:31:39.0	2	C000000050	null	null	null	
3	2088965207	2012-01-08 15:24:39.0	2	C000000118	null	null	null	
4	2362	2014-04-05 13:53:35.0	2	null	null	eMail	null	
4	2362	2012-05-06 14:34:03.0	2	C000007010	000000188	eMail	null	
4	2516	2014-01-01 00:00:00.0	2	null	null	null	null	
4	2526	2014-02-01 00:00:00.0	2	null	null	null	null	
4	2546	2014-04-01 00:00:00.0	2	null	null	null	null	
4	3510	2014-11-18 15:27:49.0	2	null	null	null	null	
4	3510	2014-11-18 19:00:49.0	2	null	null	null	null	
4	3933	2015-10-20 08:49:04.0	2	null	null	null	null	
4	3933	2015-10-20 08:59:24.0	2	null	null	null	null	
4	3933	2015-10-20 09:21:59.0	2	null	null	null	null	
4	3933	2015-10-20 10:06:47.0	2	null	null	null	null	
4	3934	2015-10-20 08:49:04.0	2	null	null	null	null	
4	3934	2015-10-20 08:59:24.0	2	null	null	null	null	
4	3934	2015-10-20 09:21:59.0	2	null	null	null	null	
4	3934	2015-10-20 10:06:47.0	2	null	null	null	null	
4	3938	2015-10-20 08:49:04.0	2	null	null	null	null	
4	3938	2015-10-20 08:59:24.0	2	null	null	null	null	
4	3939	2015-10-20 09:22:00.0	2	null	null	null	null	
4	3939	2015-10-20 10:06:48.0	2	null	null	null	null	
4	3942	2015-10-20 09:22:00.0	2	null	null	null	null	
4	3942	2015-10-20 10:06:48.0	2	null	null	null	null	
4	8321	2012-07-15 11:41:49.0	2	null	000000253	null	null	
4	9462	2012-09-06 13:49:56.0	2	null	null	null	null	
4	9462	2012-09-07 15:15:49.0	2	null	null	null	null	
4	89632	2012-12-03 14:59:06.0	2	null	null	null	null	
4	100094	2012-04-18 11:53:06.0	2	null	null	null	null	
4	100121	2012-04-18 14:26:39.0	2	null	null	null	null	
4	100121	2012-04-18 15:12:27.0	2	null	null	null	null	
4	100121	2012-04-18 15:20:04.0	2	null	null	null	null	
4	102254	2012-07-22 06:44:53.0	2	null	null	null	null	
4	316033	2013-01-30 12:17:56.0	2	null	null	null	null	
5	801	2012-01-09 12:42:52.0	2	null	null	null	null	
5	2363	2014-04-05 13:53:35.0	2	null	null	eMail	null	
5	2363	2012-05-06 14:34:03.0	2	C000007010	000000192	eMail	null	
5	2516	2014-01-01 00:00:00.0	2	null	null	null	null	
5	2526	2014-02-01 00:00:00.0	2	null	null	null	null	
5	2546	2014-04-01 00:00:00.0	2	null	null	null	null	
5	3510	2014-11-18 15:27:49.0	2	null	null	null	null	
5	3510	2014-11-18 19:00:49.0	2	null	null	null	null	
5	3933	2015-10-20 08:49:04.0	2	null	null	null	null	
5	3933	2015-10-20 08:59:24.0	2	null	null	null	null	
5	3933	2015-10-20 09:21:59.0	2	null	null	null	null	
5	3933	2015-10-20 10:06:47.0	2	null	null	null	null	
5	3934	2015-10-20 08:49:04.0	2	null	null	null	null	
5	3934	2015-10-20 08:59:24.0	2	null	null	null	null	
5	3934	2015-10-20 09:21:59.0	2	null	null	null	null	
5	3934	2015-10-20 10:06:47.0	2	null	null	null	null	
5	3938	2015-10-20 08:49:04.0	2	null	null	null	null	
5	3938	2015-10-20 08:59:24.0	2	null	null	null	null	
5	3939	2015-10-20 09:22:00.0	2	null	null	null	null	
5	3939	2015-10-20 10:06:48.0	2	null	null	null	null	
5	7237	2012-05-25 16:39:57.0	4	null	null	null	null	
5	89632	2012-12-03 14:59:06.0	2	null	null	null	null	
5	100096	2012-04-18 11:53:06.0	2	null	null	null	null	
5	100125	2012-04-18 14:26:39.0	2	null	null	null	null	
5	100125	2012-04-18 15:12:27.0	2	null	null	null	null	
5	100125	2012-04-18 15:20:04.0	2	null	null	null	null	
5	316034	2013-01-30 12:17:56.0	2	null	null	null	null	
6	2516	2014-01-01 00:00:00.0	2	null	null	null	null	
6	2526	2014-02-01 00:00:00.0	2	null	null	null	null	
6	2546	2014-04-01 00:00:00.0	2	null	null	null	null	
6	3511	2014-11-18 15:27:49.0	2	null	null	null	null	
6	3511	2014-11-18 19:00:49.0	2	null	null	null	null	
6	3933	2015-10-20 08:49:04.0	2	null	null	null	null	
6	3933	2015-10-20 08:59:24.0	2	null	null	null	null	
6	3933	2015-10-20 09:21:59.0	2	null	null	null	null	
6	3933	2015-10-20 10:06:47.0	2	null	null	null	null	
6	3934	2015-10-20 08:49:04.0	2	null	null	null	null	
6	3934	2015-10-20 08:59:24.0	2	null	null	null	null	
6	3934	2015-10-20 09:21:59.0	2	null	null	null	null	
6	3934	2015-10-20 10:06:47.0	2	null	null	null	null	
6	3939	2015-10-20 09:22:00.0	2	null	null	null	null	
6	3939	2015-10-20 10:06:48.0	2	null	null	null	null	
6	88079	2012-04-11 05:47:24.0	2	C000087221	000000012	null	null	
6	89632	2012-12-03 14:59:06.0	2	null	null	null	null	
6	100096	2012-04-18 11:53:06.0	2	null	null	null	null	
6	100125	2012-04-18 14:26:39.0	2	null	null	null	null	
6	100125	2012-04-18 15:12:27.0	2	null	null	null	null	
6	100125	2012-04-18 15:20:04.0	2	null	null	null	null	
7	2516	2014-01-01 00:00:00.0	2	null	null	null	null	
7	2526	2014-02-01 00:00:00.0	2	null	null	null	null	
7	2546	2014-04-01 00:00:00.0	2	null	null	null	null	
7	2931	2014-06-08 16:42:08.0	2	null	null	null	null	
7	3933	2015-10-20 08:49:04.0	2	null	null	null	null	
7	3933	2015-10-20 08:59:24.0	2	null	null	null	null	
7	3933	2015-10-20 09:21:59.0	2	null	null	null	null	
7	3933	2015-10-20 10:06:47.0	2	null	null	null	null	
7	3934	2015-10-20 08:49:04.0	2	null	null	null	null	
7	3934	2015-10-20 08:59:24.0	2	null	null	null	null	
7	3934	2015-10-20 09:21:59.0	2	null	null	null	null	
7	3934	2015-10-20 10:06:47.0	2	null	null	null	null	
7	3939	2015-10-20 09:22:00.0	2	null	null	null	null	
7	3939	2015-10-20 10:06:48.0	2	null	null	null	null	
7	3942	2015-10-20 09:22:00.0	2	null	null	null	null	
7	3942	2015-10-20 10:06:48.0	2	null	null	null	null	
7	9721	2012-09-07 16:42:20.0	2	C000007056	000000334	null	null	
7	50037	2011-11-15 15:35:20.0	2	C000050007	000050005	Direct Mail	null	
7	50114	2011-11-15 14:36:21.0	2	C000050009	null	Direct Mail	null	
7	88079	2012-04-11 05:47:24.0	2	C000087221	000000012	null	null	
7	88421	2012-05-22 13:09:20.0	2	C000087062	000000094	null	null	
7	89118	2013-01-29 16:20:07.0	2	C000087120	null	null	null	
7	89632	2012-12-03 14:59:06.0	2	null	null	null	null	
7	99003	2013-01-07 22:58:58.0	2	C000099003	000099001	null	null	
7	100085	2012-04-18 08:50:25.0	2	C000100014	000000334	null	null	
7	100094	2012-04-18 11:53:06.0	2	null	null	null	null	
7	100125	2012-04-18 14:26:39.0	2	null	null	null	null	
7	100125	2012-04-18 15:12:27.0	2	null	null	null	null	
7	100125	2012-04-18 15:20:04.0	2	null	null	null	null	
8	2516	2014-01-01 00:00:00.0	2	null	null	null	null	
8	2526	2014-02-01 00:00:00.0	2	null	null	null	null	
8	2546	2014-04-01 00:00:00.0	2	null	null	null	null	
8	2789	2014-06-08 14:21:41.0	2	null	null	null	null	
8	2797	2014-06-08 14:33:31.0	2	null	null	null	null	
8	3933	2015-10-20 08:49:04.0	2	null	null	null	null	
8	3933	2015-10-20 08:59:24.0	2	null	null	null	null	
8	3933	2015-10-20 09:21:59.0	2	null	null	null	null	
8	3933	2015-10-20 10:06:47.0	2	null	null	null	null	
8	3934	2015-10-20 08:49:04.0	2	null	null	null	null	
8	3934	2015-10-20 08:59:24.0	2	null	null	null	null	
8	3934	2015-10-20 09:21:59.0	2	null	null	null	null	
8	3934	2015-10-20 10:06:47.0	2	null	null	null	null	
8	3939	2015-10-20 09:22:00.0	2	null	null	null	null	
8	3939	2015-10-20 10:06:48.0	2	null	null	null	null	
8	3942	2015-10-20 09:22:00.0	2	null	null	null	null	
8	3942	2015-10-20 10:06:48.0	2	null	null	null	null	
8	9057	2012-09-06 10:46:49.0	2	null	null	null	null	
8	50037	2011-11-15 15:35:20.0	2	C000050007	000050005	Direct Mail	null	
8	50114	2011-11-15 14:36:21.0	2	C000050009	null	Direct Mail	null	
8	50175	2011-11-12 14:19:26.0	2	null	null	null	null	
8	88420	2012-05-22 13:09:20.0	2	C000087062	000000100	null	null	
8	89632	2012-12-03 14:59:06.0	2	null	null	null	null	
8	100096	2012-04-18 11:53:06.0	2	null	null	null	null	
8	100125	2012-04-18 14:26:39.0	2	null	null	null	null	
8	100125	2012-04-18 15:12:27.0	2	null	null	null	null	
8	100125	2012-04-18 15:20:04.0	2	null	null	null	null	
8	100462	2012-04-24 23:36:53.0	2	null	null	null	null	
9	801	2012-01-09 12:42:52.0	2	null	null	null	null	
9	2362	2014-04-05 13:53:35.0	2	null	null	eMail	null	
9	2362	2012-05-06 14:34:03.0	2	C000007010	000000188	eMail	null	
9	2516	2014-01-01 00:00:00.0	2	null	null	null	null	
9	2526	2014-02-01 00:00:00.0	2	null	null	null	null	
9	2546	2014-04-01 00:00:00.0	2	null	null	null	null	
9	3933	2015-10-20 08:49:04.0	2	null	null	null	null	
9	3933	2015-10-20 08:59:24.0	2	null	null	null	null	
9	3933	2015-10-20 09:21:59.0	2	null	null	null	null	
9	3933	2015-10-20 10:06:47.0	2	null	null	null	null	
9	3934	2015-10-20 08:49:04.0	2	null	null	null	null	
9	3934	2015-10-20 08:59:24.0	2	null	null	null	null	
9	3934	2015-10-20 09:21:59.0	2	null	null	null	null	
9	3934	2015-10-20 10:06:47.0	2	null	null	null	null	
9	3939	2015-10-20 09:22:00.0	2	null	null	null	null	
9	3939	2015-10-20 10:06:48.0	2	null	null	null	null	
9	7236	2012-05-25 16:39:57.0	2	null	null	null	null	
9	88420	2012-05-22 13:09:20.0	2	C000087062	000000100	null	null	
9	89632	2012-12-03 14:59:06.0	2	null	null	null	null	
9	100094	2012-04-18 11:53:06.0	2	null	null	null	null	
9	100123	2012-04-18 14:26:39.0	2	null	null	null	null	
9	100123	2012-04-18 15:12:27.0	2	null	null	null	null	
9	100123	2012-04-18 15:20:04.0	2	null	null	null	null	
9	102167	2012-05-06 13:20:46.0	2	null	null	null	null	
9	102167	2012-05-06 13:30:49.0	2	null	null	null	null	
9	316033	2013-01-30 12:17:56.0	2	null	null	null	null	
10	607	2012-03-02 14:57:32.0	2	C000000166	000000160	null	null	
10	2789	2014-06-08 14:21:41.0	2	null	null	null	null	
10	3933	2015-10-20 08:49:04.0	2	null	null	null	null	
10	3933	2015-10-20 08:59:24.0	2	null	null	null	null	
10	3933	2015-10-20 09:21:59.0	2	null	null	null	null	
10	3933	2015-10-20 10:06:47.0	2	null	null	null	null	
10	3934	2015-10-20 08:49:04.0	2	null	null	null	null	
10	3934	2015-10-20 08:59:24.0	2	null	null	null	null	
10	3934	2015-10-20 09:21:59.0	2	null	null	null	null	
10	3934	2015-10-20 10:06:47.0	2	null	null	null	null	
10	3939	2015-10-20 09:22:00.0	2	null	null	null	null	
10	3939	2015-10-20 10:06:48.0	2	null	null	null	null	
10	3942	2015-10-20 09:22:00.0	2	null	null	null	null	
10	3942	2015-10-20 10:06:48.0	2	null	null	null	null	
10	7138	2011-10-29 14:51:28.0	2	C000007008	null	null	null	
10	9061	2012-09-06 10:46:49.0	2	null	null	null	null	
10	88422	2012-05-22 13:09:20.0	2	C000087062	000000100	null	null	
10	89116	2013-01-29 16:20:07.0	2	C000087120	null	null	null	
10	89632	2012-12-03 14:59:06.0	2	null	null	null	null	
10	100094	2012-04-18 11:53:06.0	2	null	null	null	null	
10	100125	2012-04-18 14:26:39.0	2	null	null	null	null	
10	100125	2012-04-18 15:12:27.0	2	null	null	null	null	
10	100125	2012-04-18 15:20:04.0	2	null	null	null	null	
10	100466	2012-04-24 23:36:53.0	2	null	null	null	null	
11	607	2012-03-02 14:57:32.0	2	C000000166	000000160	null	null	
11	2516	2014-01-01 00:00:00.0	2	null	null	null	null	
11	2526	2014-02-01 00:00:00.0	2	null	null	null	null	
11	2546	2014-04-01 00:00:00.0	2	null	null	null	null	
11	2916	2014-06-08 17:01:05.0	2	null	null	null	null	
11	3933	2015-10-20 08:49:04.0	2	null	null	null	null	
11	3933	2015-10-20 08:59:24.0	2	null	null	null	null	
11	3933	2015-10-20 09:21:59.0	2	null	null	null	null	
11	3933	2015-10-20 10:06:47.0	2	null	null	null	null	
11	3934	2015-10-20 08:49:04.0	2	null	null	null	null	
11	3934	2015-10-20 08:59:24.0	2	null	null	null	null	
11	3934	2015-10-20 09:21:59.0	2	null	null	null	null	
11	3934	2015-10-20 10:06:47.0	2	null	null	null	null	
11	3939	2015-10-20 09:22:00.0	2	null	null	null	null	
11	3939	2015-10-20 10:06:48.0	2	null	null	null	null	
11	9462	2012-09-06 13:49:56.0	2	null	null	null	null	
11	9462	2012-09-07 15:15:49.0	2	null	null	null	null	
11	88421	2012-05-22 13:09:20.0	2	C000087062	000000094	null	null	
11	89121	2013-01-29 16:20:08.0	2	null	null	null	null	
11	89632	2012-12-03 14:59:06.0	2	null	null	null	null	
11	100094	2012-04-18 11:53:06.0	2	null	null	null	null	
11	100121	2012-04-18 14:26:39.0	2	null	null	null	null	
11	100121	2012-04-18 15:12:27.0	2	null	null	null	null	
11	100121	2012-04-18 15:20:04.0	2	null	null	null	null	
11	102168	2012-05-06 13:20:46.0	2	null	null	null	null	
11	102168	2012-05-06 13:30:49.0	2	null	null	null	null	
11	102254	2012-07-22 06:44:53.0	2	null	null	null	null	
11	2088965207	2012-01-08 15:24:39.0	2	C000000118	null	null	null	
12	801	2012-01-09 12:42:52.0	2	null	null	null	null	
12	2363	2014-04-05 13:53:35.0	2	null	null	eMail	null	
12	2363	2012-05-06 14:34:03.0	2	C000007010	000000192	eMail	null	
12	2526	2014-02-01 00:00:00.0	2	null	null	null	null	
12	2546	2014-04-01 00:00:00.0	2	null	null	null	null	
12	2786	2014-06-08 14:21:41.0	2	null	null	null	null	
12	2797	2014-06-08 14:33:31.0	2	null	null	null	null	
12	3933	2015-10-20 08:49:04.0	2	null	null	null	null	
12	3933	2015-10-20 08:59:24.0	2	null	null	null	null	
12	3933	2015-10-20 09:21:59.0	2	null	null	null	null	
12	3933	2015-10-20 10:06:47.0	2	null	null	null	null	
12	3934	2015-10-20 08:49:04.0	2	null	null	null	null	
12	3934	2015-10-20 08:59:24.0	2	null	null	null	null	
12	3934	2015-10-20 09:21:59.0	2	null	null	null	null	
12	3934	2015-10-20 10:06:47.0	2	null	null	null	null	
12	3939	2015-10-20 09:22:00.0	2	null	null	null	null	
12	3939	2015-10-20 10:06:48.0	2	null	null	null	null	
12	3942	2015-10-20 09:22:00.0	2	null	null	null	null	
12	3942	2015-10-20 10:06:48.0	2	null	null	null	null	
12	7136	2011-10-29 14:49:18.0	2	C000007008	null	null	null	
12	7237	2012-05-25 16:39:57.0	4	null	null	null	null	
12	9057	2012-09-06 10:46:49.0	2	null	null	null	null	
12	50036	2011-11-15 15:35:20.0	2	C000050007	000050003	null	null	
12	50114	2011-11-15 14:36:21.0	2	C000050009	null	Direct Mail	null	
12	88419	2012-05-22 13:09:20.0	2	C000087062	000000094	null	null	
12	89119	2013-01-29 16:20:08.0	2	null	null	null	null	
12	89632	2012-12-03 14:59:06.0	2	null	null	null	null	
12	100096	2012-04-18 11:53:06.0	2	null	null	null	null	
12	100123	2012-04-18 14:26:39.0	2	null	null	null	null	
12	100123	2012-04-18 15:12:27.0	2	null	null	null	null	
12	100123	2012-04-18 15:20:04.0	2	null	null	null	null	
12	100462	2012-04-24 23:36:53.0	2	null	null	null	null	
12	101941	2012-04-30 12:46:22.0	2	C000100097	000100110	eMail	null	
13	2516	2014-01-01 00:00:00.0	2	null	null	null	null	
13	2526	2014-02-01 00:00:00.0	2	null	null	null	null	
13	2546	2014-04-01 00:00:00.0	2	null	null	null	null	
13	3933	2015-10-20 08:49:04.0	2	null	null	null	null	
13	3933	2015-10-20 08:59:24.0	2	null	null	null	null	
13	3933	2015-10-20 09:21:59.0	2	null	null	null	null	
13	3933	2015-10-20 10:06:47.0	2	null	null	null	null	
13	3934	2015-10-20 08:49:04.0	2	null	null	null	null	
13	3934	2015-10-20 08:59:24.0	2	null	null	null	null	
13	3934	2015-10-20 09:21:59.0	2	null	null	null	null	
13	3934	2015-10-20 10:06:47.0	2	null	null	null	null	
13	3939	2015-10-20 09:22:00.0	2	null	null	null	null	
13	3939	2015-10-20 10:06:48.0	2	null	null	null	null	
13	3942	2015-10-20 09:22:00.0	2	null	null	null	null	
13	3942	2015-10-20 10:06:48.0	2	null	null	null	null	
13	9720	2012-09-07 16:41:04.0	2	C000007056	000000358	null	null	
13	50175	2011-11-12 14:19:26.0	2	null	null	null	null	
13	88422	2012-05-22 13:09:20.0	2	C000087062	000000100	null	null	
13	89121	2013-01-29 16:20:08.0	2	null	null	null	null	
13	89632	2012-12-03 14:59:06.0	2	null	null	null	null	
13	100096	2012-04-18 11:53:06.0	2	null	null	null	null	
13	100121	2012-04-18 14:26:39.0	2	null	null	null	null	
13	100121	2012-04-18 15:12:27.0	2	null	null	null	null	
13	100121	2012-04-18 15:20:04.0	2	null	null	null	null	
14	801	2012-01-09 12:42:52.0	2	null	null	null	null	
14	2362	2014-04-05 13:53:35.0	2	null	null	eMail	null	
14	2362	2012-05-06 14:34:03.0	2	C000007010	000000188	eMail	null	
14	2526	2014-02-01 00:00:00.0	2	null	null	null	null	
14	2546	2014-04-01 00:00:00.0	2	null	null	null	null	
14	2789	2014-06-08 14:21:41.0	2	null	null	null	null	
14	2797	2014-06-08 14:33:31.0	2	null	null	null	null	
14	3933	2015-10-20 08:49:04.0	2	null	null	null	null	
14	3933	2015-10-20 08:59:24.0	2	null	null	null	null	
14	3933	2015-10-20 09:21:59.0	2	null	null	null	null	
14	3933	2015-10-20 10:06:47.0	2	null	null	null	null	
14	3934	2015-10-20 08:49:04.0	2	null	null	null	null	
14	3934	2015-10-20 08:59:24.0	2	null	null	null	null	
14	3934	2015-10-20 09:21:59.0	2	null	null	null	null	
14	3934	2015-10-20 10:06:47.0	2	null	null	null	null	
14	3939	2015-10-20 09:22:00.0	2	null	null	null	null	
14	3939	2015-10-20 10:06:48.0	2	null	null	null	null	
14	3942	2015-10-20 09:22:00.0	2	null	null	null	null	
14	3942	2015-10-20 10:06:48.0	2	null	null	null	null	
14	3959	2015-10-21 08:41:04.0	2	null	null	null	null	
14	7236	2012-05-25 16:39:57.0	2	null	null	null	null	
14	88079	2012-04-11 05:47:24.0	2	C000000148	000000200	null	null	
14	88420	2012-05-22 13:09:20.0	2	C000087062	000000100	null	null	
14	89122	2013-01-29 16:20:07.0	2	C000087120	null	null	null	
14	89632	2012-12-03 14:59:06.0	2	null	null	null	null	
14	100094	2012-04-18 11:53:06.0	2	null	null	null	null	
14	100125	2012-04-18 14:26:39.0	2	null	null	null	null	
14	100125	2012-04-18 15:12:27.0	2	null	null	null	null	
14	100125	2012-04-18 15:20:04.0	2	null	null	null	null	
15	2516	2014-01-01 00:00:00.0	2	null	null	null	null	
15	2526	2014-02-01 00:00:00.0	2	null	null	null	null	
15	2546	2014-04-01 00:00:00.0	2	null	null	null	null	
15	3933	2015-10-20 08:49:04.0	2	null	null	null	null	
15	3933	2015-10-20 08:59:24.0	2	null	null	null	null	
15	3933	2015-10-20 09:21:59.0	2	null	null	null	null	
15	3933	2015-10-20 10:06:47.0	2	null	null	null	null	
15	3934	2015-10-20 08:49:04.0	2	null	null	null	null	
15	3934	2015-10-20 08:59:24.0	2	null	null	null	null	
15	3934	2015-10-20 09:21:59.0	2	null	null	null	null	
15	3934	2015-10-20 10:06:47.0	2	null	null	null	null	
15	3939	2015-10-20 09:22:00.0	2	null	null	null	null	
15	3939	2015-10-20 10:06:48.0	2	null	null	null	null	
15	3942	2015-10-20 09:22:00.0	2	null	null	null	null	
15	3942	2015-10-20 10:06:48.0	2	null	null	null	null	
15	7136	2011-10-29 14:49:18.0	2	C000007008	null	null	null	
15	88422	2012-05-22 13:09:20.0	2	C000087062	000000100	null	null	
15	89119	2013-01-29 16:20:08.0	2	null	null	null	null	
15	89632	2012-12-03 14:59:06.0	2	null	null	null	null	
15	100096	2012-04-18 11:53:06.0	2	null	null	null	null	
15	100123	2012-04-18 14:26:39.0	2	null	null	null	null	
15	100123	2012-04-18 15:12:27.0	2	null	null	null	null	
15	100123	2012-04-18 15:20:04.0	2	null	null	null	null	
16	2516	2014-01-01 00:00:00.0	2	null	null	null	null	
16	2526	2014-02-01 00:00:00.0	2	null	null	null	null	
16	2546	2014-04-01 00:00:00.0	2	null	null	null	null	
16	3933	2015-10-20 08:49:04.0	2	null	null	null	null	
16	3933	2015-10-20 08:59:24.0	2	null	null	null	null	
16	3933	2015-10-20 09:21:59.0	2	null	null	null	null	
16	3933	2015-10-20 10:06:47.0	2	null	null	null	null	
16	3934	2015-10-20 08:49:04.0	2	null	null	null	null	
16	3934	2015-10-20 08:59:24.0	2	null	null	null	null	
16	3934	2015-10-20 09:21:59.0	2	null	null	null	null	
16	3934	2015-10-20 10:06:47.0	2	null	null	null	null	
16	3939	2015-10-20 09:22:00.0	2	null	null	null	null	
16	3939	2015-10-20 10:06:48.0	2	null	null	null	null	
16	9720	2012-09-07 16:41:04.0	2	C000007056	000000358	null	null	
16	88419	2012-05-22 13:09:20.0	2	C000087062	000000094	null	null	
16	89117	2013-01-29 16:20:08.0	2	null	null	null	null	
16	89632	2012-12-03 14:59:06.0	2	null	null	null	null	
16	100094	2012-04-18 11:53:06.0	2	null	null	null	null	
16	100123	2012-04-18 14:26:39.0	2	null	null	null	null	
16	100123	2012-04-18 15:12:27.0	2	null	null	null	null	
16	100123	2012-04-18 15:20:04.0	2	null	null	null	null	
17	2360	2014-04-05 13:52:22.0	4	null	null	Direct Mail	null	
17	2360	2012-05-06 14:31:26.0	4	C000007010	000000184	Direct Mail	null	
17	2516	2014-01-01 00:00:00.0	2	null	null	null	null	
17	2526	2014-02-01 00:00:00.0	2	null	null	null	null	
17	2546	2014-04-01 00:00:00.0	2	null	null	null	null	
17	3451	2015-09-27 09:21:41.0	2	null	null	null	null	
17	3933	2015-10-20 08:49:04.0	2	null	null	null	null	
17	3933	2015-10-20 08:59:24.0	2	null	null	null	null	
17	3933	2015-10-20 09:21:59.0	2	null	null	null	null	
17	3933	2015-10-20 10:06:47.0	2	null	null	null	null	
17	3934	2015-10-20 08:49:04.0	2	null	null	null	null	
17	3934	2015-10-20 08:59:24.0	2	null	null	null	null	
17	3934	2015-10-20 09:21:59.0	2	null	null	null	null	
17	3934	2015-10-20 10:06:47.0	2	null	null	null	null	
17	3939	2015-10-20 09:22:00.0	2	null	null	null	null	
17	3939	2015-10-20 10:06:48.0	2	null	null	null	null	
17	7236	2012-05-25 16:39:57.0	2	null	null	null	null	
17	88078	2012-04-11 05:47:24.0	2	C000007010	000000184	null	null	
17	88421	2012-05-22 13:09:20.0	2	C000087062	000000094	null	null	
17	89118	2013-01-29 16:20:07.0	2	C000087120	null	null	null	
17	89632	2012-12-03 14:59:06.0	2	null	null	null	null	
17	100094	2012-04-18 11:53:06.0	2	null	null	null	null	
17	2088965207	2012-01-08 15:24:39.0	2	C000000118	null	null	null	
18	801	2012-01-09 12:42:52.0	2	null	null	null	null	
18	2516	2014-01-01 00:00:00.0	2	null	null	null	null	
18	2526	2014-02-01 00:00:00.0	2	null	null	null	null	
18	2546	2014-04-01 00:00:00.0	2	null	null	null	null	
18	3933	2015-10-20 08:49:04.0	2	null	null	null	null	
18	3933	2015-10-20 08:59:24.0	2	null	null	null	null	
18	3933	2015-10-20 09:21:59.0	2	null	null	null	null	
18	3933	2015-10-20 10:06:47.0	2	null	null	null	null	
18	3934	2015-10-20 08:49:04.0	2	null	null	null	null	
18	3934	2015-10-20 08:59:24.0	2	null	null	null	null	
18	3934	2015-10-20 09:21:59.0	2	null	null	null	null	
18	3934	2015-10-20 10:06:47.0	2	null	null	null	null	
18	3939	2015-10-20 09:22:00.0	2	null	null	null	null	
18	3939	2015-10-20 10:06:48.0	2	null	null	null	null	
18	3942	2015-10-20 09:22:00.0	2	null	null	null	null	
18	3942	2015-10-20 10:06:48.0	2	null	null	null	null	
18	50114	2011-11-15 14:36:21.0	2	C000050009	null	Direct Mail	null	
18	50178	2011-11-12 14:19:26.0	2	null	null	null	null	
18	88081	2012-04-11 05:47:24.0	2	C000087221	000000012	null	null	
18	88420	2012-05-22 13:09:20.0	2	C000087062	000000100	null	null	
18	89632	2012-12-03 14:59:06.0	2	null	null	null	null	
18	100096	2012-04-18 11:53:06.0	2	null	null	null	null	
18	100121	2012-04-18 14:26:39.0	2	null	null	null	null	
18	100121	2012-04-18 15:12:27.0	2	null	null	null	null	
18	100121	2012-04-18 15:20:04.0	2	null	null	null	null	
18	316033	2013-01-30 12:17:56.0	2	null	null	null	null	
19	2362	2014-04-05 13:53:35.0	2	null	null	eMail	null	
19	2362	2012-05-06 14:34:03.0	2	C000007010	000000188	eMail	null	
19	2516	2014-01-01 00:00:00.0	2	null	null	null	null	
19	2526	2014-02-01 00:00:00.0	2	null	null	null	null	
19	2546	2014-04-01 00:00:00.0	2	null	null	null	null	
19	2789	2014-06-08 14:21:41.0	2	null	null	null	null	
19	3933	2015-10-20 08:49:04.0	2	null	null	null	null	
19	3933	2015-10-20 08:59:24.0	2	null	null	null	null	
19	3933	2015-10-20 09:21:59.0	2	null	null	null	null	
19	3933	2015-10-20 10:06:47.0	2	null	null	null	null	
19	3934	2015-10-20 08:49:04.0	2	null	null	null	null	
19	3934	2015-10-20 08:59:24.0	2	null	null	null	null	
19	3934	2015-10-20 09:21:59.0	2	null	null	null	null	
19	3934	2015-10-20 10:06:47.0	2	null	null	null	null	
19	3939	2015-10-20 09:22:00.0	2	null	null	null	null	
19	3939	2015-10-20 10:06:48.0	2	null	null	null	null	
19	3942	2015-10-20 09:22:00.0	2	null	null	null	null	
19	3942	2015-10-20 10:06:48.0	2	null	null	null	null	
19	7142	2011-10-29 14:51:28.0	2	C000007008	null	null	null	
19	7236	2012-05-25 16:39:57.0	2	null	null	null	null	
19	88083	2012-04-11 05:47:24.0	2	C000007008	000000140	null	null	
19	88419	2012-05-22 13:09:20.0	2	C000087062	000000094	null	null	
19	89632	2012-12-03 14:59:06.0	2	null	null	null	null	
19	100096	2012-04-18 11:53:06.0	2	null	null	null	null	
19	100125	2012-04-18 14:26:39.0	2	null	null	null	null	
19	100125	2012-04-18 15:12:27.0	2	null	null	null	null	
19	100125	2012-04-18 15:20:04.0	2	null	null	null	null	
20	2362	2014-04-05 13:53:35.0	2	null	null	eMail	null	
20	2362	2012-05-06 14:34:03.0	2	C000007010	000000188	eMail	null	
20	3933	2015-10-20 08:49:04.0	2	null	null	null	null	
20	3933	2015-10-20 08:59:24.0	2	null	null	null	null	
20	3933	2015-10-20 09:21:59.0	2	null	null	null	null	
20	3933	2015-10-20 10:06:47.0	2	null	null	null	null	
20	3934	2015-10-20 08:49:04.0	2	null	null	null	null	
20	3934	2015-10-20 08:59:24.0	2	null	null	null	null	
20	3934	2015-10-20 09:21:59.0	2	null	null	null	null	
20	3934	2015-10-20 10:06:47.0	2	null	null	null	null	
20	3939	2015-10-20 09:22:00.0	2	null	null	null	null	
20	3939	2015-10-20 10:06:48.0	2	null	null	null	null	
20	3942	2015-10-20 09:22:00.0	2	null	null	null	null	
20	3942	2015-10-20 10:06:48.0	2	null	null	null	null	
20	7236	2012-05-25 16:39:57.0	2	null	null	null	null	
20	88081	2012-04-11 05:47:24.0	2	C000087120	000316009	null	null	
20	88420	2012-05-22 13:09:20.0	2	C000087062	000000100	null	null	
20	89119	2013-01-29 16:20:08.0	2	null	null	null	null	
20	89632	2012-12-03 14:59:06.0	2	null	null	null	null	
20	100096	2012-04-18 11:53:06.0	2	null	null	null	null	
20	100121	2012-04-18 14:26:39.0	2	null	null	null	null	
20	100121	2012-04-18 15:12:27.0	2	null	null	null	null	
20	100121	2012-04-18 15:20:04.0	2	null	null	null	null	
20	2088959858	2011-11-01 10:13:07.0	2	C000000039	null	null	null	
21	2362	2014-04-05 13:53:35.0	2	null	null	eMail	null	
21	2362	2012-05-06 14:34:03.0	2	C000007010	000000188	eMail	null	
21	2516	2014-01-01 00:00:00.0	2	null	null	null	null	
21	2526	2014-02-01 00:00:00.0	2	null	null	null	null	
21	2546	2014-04-01 00:00:00.0	2	null	null	null	null	
21	3933	2015-10-20 08:49:04.0	2	null	null	null	null	
21	3933	2015-10-20 08:59:24.0	2	null	null	null	null	
21	3933	2015-10-20 09:21:59.0	2	null	null	null	null	
21	3933	2015-10-20 10:06:47.0	2	null	null	null	null	
21	3934	2015-10-20 08:49:04.0	2	null	null	null	null	
21	3934	2015-10-20 08:59:24.0	2	null	null	null	null	
21	3934	2015-10-20 09:21:59.0	2	null	null	null	null	
21	3934	2015-10-20 10:06:47.0	2	null	null	null	null	
21	3939	2015-10-20 09:22:00.0	2	null	null	null	null	
21	3939	2015-10-20 10:06:48.0	2	null	null	null	null	
21	7236	2012-05-25 16:39:57.0	2	null	null	null	null	
21	9720	2012-09-07 16:41:04.0	2	C000007056	000000358	null	null	
21	88420	2012-05-22 13:09:20.0	2	C000087062	000000100	null	null	
21	89632	2012-12-03 14:59:06.0	2	null	null	null	null	
21	100094	2012-04-18 11:53:06.0	2	null	null	null	null	
21	100123	2012-04-18 14:26:39.0	2	null	null	null	null	
21	100123	2012-04-18 15:12:27.0	2	null	null	null	null	
21	100123	2012-04-18 15:20:04.0	2	null	null	null	null	
21	316033	2013-01-30 12:17:56.0	2	null	null	null	null	
21	2088960232	2011-10-27 15:31:39.0	2	C000000050	null	null	null	
22	801	2012-01-09 12:42:52.0	2	null	null	null	null	
22	2359	2014-04-05 13:53:35.0	4	null	null	eMail	null	
22	2359	2012-05-06 14:34:03.0	4	C000007010	000000188	eMail	null	
22	2526	2014-02-01 00:00:00.0	2	null	null	null	null	
22	2546	2014-04-01 00:00:00.0	2	null	null	null	null	
22	3933	2015-10-20 08:49:04.0	2	null	null	null	null	
22	3933	2015-10-20 08:59:24.0	2	null	null	null	null	
22	3933	2015-10-20 09:21:59.0	2	null	null	null	null	
22	3933	2015-10-20 10:06:47.0	2	null	null	null	null	
22	3934	2015-10-20 08:49:04.0	2	null	null	null	null	
22	3934	2015-10-20 08:59:24.0	2	null	null	null	null	
22	3934	2015-10-20 09:21:59.0	2	null	null	null	null	
22	3934	2015-10-20 10:06:47.0	2	null	null	null	null	
22	3939	2015-10-20 09:22:00.0	2	null	null	null	null	
22	3939	2015-10-20 10:06:48.0	2	null	null	null	null	
22	3942	2015-10-20 09:22:00.0	2	null	null	null	null	
22	3942	2015-10-20 10:06:48.0	2	null	null	null	null	
22	7142	2011-10-29 14:51:28.0	2	C000007008	null	null	null	
22	7236	2012-05-25 16:39:57.0	2	null	null	null	null	
22	50175	2011-11-12 14:19:26.0	2	null	null	null	null	
22	88079	2012-04-11 05:47:24.0	2	C000087221	000000012	null	null	
22	88419	2012-05-22 13:09:20.0	2	C000087062	000000094	null	null	
22	89632	2012-12-03 14:59:06.0	2	null	null	null	null	
22	100096	2012-04-18 11:53:06.0	2	null	null	null	null	
22	100125	2012-04-18 14:26:39.0	2	null	null	null	null	
22	100125	2012-04-18 15:12:27.0	2	null	null	null	null	
22	100125	2012-04-18 15:20:04.0	2	null	null	null	null	
22	101941	2012-04-30 12:46:22.0	2	C000100097	000100110	eMail	null	
22	102167	2012-05-06 13:20:46.0	2	null	null	null	null	
22	102167	2012-05-06 13:30:49.0	2	null	null	null	null	
23	3933	2015-10-20 08:49:04.0	2	null	null	null	null	
23	3933	2015-10-20 08:59:24.0	2	null	null	null	null	
23	3933	2015-10-20 09:21:59.0	2	null	null	null	null	
23	3933	2015-10-20 10:06:47.0	2	null	null	null	null	
23	3934	2015-10-20 08:49:04.0	2	null	null	null	null	
23	3934	2015-10-20 08:59:24.0	2	null	null	null	null	
23	3934	2015-10-20 09:21:59.0	2	null	null	null	null	
23	3934	2015-10-20 10:06:47.0	2	null	null	null	null	
23	3939	2015-10-20 09:22:00.0	2	null	null	null	null	
23	3939	2015-10-20 10:06:48.0	2	null	null	null	null	
23	3942	2015-10-20 09:22:00.0	2	null	null	null	null	
23	3942	2015-10-20 10:06:48.0	2	null	null	null	null	
23	50037	2011-11-15 15:35:20.0	2	C000050007	000050005	Direct Mail	null	
23	50176	2011-11-12 14:19:26.0	2	null	null	null	null	
23	89632	2012-12-03 14:59:06.0	2	null	null	null	null	
23	100096	2012-04-18 11:53:06.0	2	null	null	null	null	
23	100121	2012-04-18 14:26:39.0	2	null	null	null	null	
23	100121	2012-04-18 15:12:27.0	2	null	null	null	null	
23	100121	2012-04-18 15:20:04.0	2	null	null	null	null	
23	316033	2013-01-30 12:17:56.0	2	null	null	null	null	
24	2362	2014-04-05 13:53:35.0	2	null	null	eMail	null	
24	2362	2012-05-06 14:34:03.0	2	C000007010	000000188	eMail	null	
24	2516	2014-01-01 00:00:00.0	2	null	null	null	null	
24	2526	2014-02-01 00:00:00.0	2	null	null	null	null	
24	2546	2014-04-01 00:00:00.0	2	null	null	null	null	
24	2931	2014-06-08 16:42:08.0	2	null	null	null	null	
24	3933	2015-10-20 08:49:04.0	2	null	null	null	null	
24	3933	2015-10-20 08:59:24.0	2	null	null	null	null	
24	3933	2015-10-20 09:21:59.0	2	null	null	null	null	
24	3933	2015-10-20 10:06:47.0	2	null	null	null	null	
24	3934	2015-10-20 08:49:04.0	2	null	null	null	null	
24	3934	2015-10-20 08:59:24.0	2	null	null	null	null	
24	3934	2015-10-20 09:21:59.0	2	null	null	null	null	
24	3934	2015-10-20 10:06:47.0	2	null	null	null	null	
24	3939	2015-10-20 09:22:00.0	2	null	null	null	null	
24	3939	2015-10-20 10:06:48.0	2	null	null	null	null	
24	3942	2015-10-20 09:22:00.0	2	null	null	null	null	
24	3942	2015-10-20 10:06:48.0	2	null	null	null	null	
24	7140	2011-10-29 14:49:18.0	2	C000007008	null	null	null	
24	88419	2012-05-22 13:09:20.0	2	C000087062	000000094	null	null	
24	89632	2012-12-03 14:59:06.0	2	null	null	null	null	
24	100096	2012-04-18 11:53:06.0	2	null	null	null	null	
24	100121	2012-04-18 14:26:39.0	2	null	null	null	null	
24	100121	2012-04-18 15:12:27.0	2	null	null	null	null	
24	100121	2012-04-18 15:20:04.0	2	null	null	null	null	
25	2516	2014-01-01 00:00:00.0	2	null	null	null	null	
25	2526	2014-02-01 00:00:00.0	2	null	null	null	null	
25	2546	2014-04-01 00:00:00.0	2	null	null	null	null	
25	2789	2014-06-08 14:21:41.0	2	null	null	null	null	
25	2797	2014-06-08 14:33:31.0	2	null	null	null	null	
25	3933	2015-10-20 08:49:04.0	2	null	null	null	null	
25	3933	2015-10-20 08:59:24.0	2	null	null	null	null	
25	3933	2015-10-20 09:21:59.0	2	null	null	null	null	
25	3933	2015-10-20 10:06:47.0	2	null	null	null	null	
25	3934	2015-10-20 08:49:04.0	2	null	null	null	null	
25	3934	2015-10-20 08:59:24.0	2	null	null	null	null	
25	3934	2015-10-20 09:21:59.0	2	null	null	null	null	
25	3934	2015-10-20 10:06:47.0	2	null	null	null	null	
25	3939	2015-10-20 09:22:00.0	2	null	null	null	null	
25	3939	2015-10-20 10:06:48.0	2	null	null	null	null	
25	7142	2011-10-29 14:51:28.0	2	C000007008	null	null	null	
25	9061	2012-09-06 10:46:49.0	2	null	null	null	null	
25	88419	2012-05-22 13:09:20.0	2	C000087062	000000094	null	null	
25	89632	2012-12-03 14:59:06.0	2	null	null	null	null	
25	100094	2012-04-18 11:53:06.0	2	null	null	null	null	
25	100125	2012-04-18 14:26:39.0	2	null	null	null	null	
25	100125	2012-04-18 15:12:27.0	2	null	null	null	null	
25	100125	2012-04-18 15:20:04.0	2	null	null	null	null	
25	100466	2012-04-24 23:36:53.0	2	null	null	null	null	
26	801	2012-01-09 12:42:52.0	2	null	null	null	null	
26	2516	2014-01-01 00:00:00.0	2	null	null	null	null	
26	2526	2014-02-01 00:00:00.0	2	null	null	null	null	
26	2546	2014-04-01 00:00:00.0	2	null	null	null	null	
26	3933	2015-10-20 08:49:04.0	2	null	null	null	null	
26	3933	2015-10-20 08:59:24.0	2	null	null	null	null	
26	3933	2015-10-20 09:21:59.0	2	null	null	null	null	
26	3933	2015-10-20 10:06:47.0	2	null	null	null	null	
26	3934	2015-10-20 08:49:04.0	2	null	null	null	null	
26	3934	2015-10-20 08:59:24.0	2	null	null	null	null	
26	3934	2015-10-20 09:21:59.0	2	null	null	null	null	
26	3934	2015-10-20 10:06:47.0	2	null	null	null	null	
26	9721	2012-09-07 16:42:20.0	2	C000007056	000000334	null	null	
26	88420	2012-05-22 13:09:20.0	2	C000087062	000000100	null	null	
26	89632	2012-12-03 14:59:06.0	2	null	null	null	null	
26	100096	2012-04-18 11:53:06.0	2	null	null	null	null	
26	100125	2012-04-18 14:26:39.0	2	null	null	null	null	
26	100125	2012-04-18 15:12:27.0	2	null	null	null	null	
26	100125	2012-04-18 15:20:04.0	2	null	null	null	null	
26	102168	2012-05-06 13:20:46.0	2	null	null	null	null	
26	102168	2012-05-06 13:30:49.0	2	null	null	null	null	
27	2362	2014-04-05 13:53:35.0	2	null	null	eMail	null	
27	2362	2012-05-06 14:34:03.0	2	C000007010	000000188	eMail	null	
27	3933	2015-10-20 08:49:04.0	2	null	null	null	null	
27	3933	2015-10-20 08:59:24.0	2	null	null	null	null	
27	3933	2015-10-20 09:21:59.0	2	null	null	null	null	
27	3933	2015-10-20 10:06:47.0	2	null	null	null	null	
27	3934	2015-10-20 08:49:04.0	2	null	null	null	null	
27	3934	2015-10-20 08:59:24.0	2	null	null	null	null	
27	3934	2015-10-20 09:21:59.0	2	null	null	null	null	
27	3934	2015-10-20 10:06:47.0	2	null	null	null	null	
27	3942	2015-10-20 09:22:00.0	2	null	null	null	null	
27	3942	2015-10-20 10:06:48.0	2	null	null	null	null	
27	7236	2012-05-25 16:39:57.0	2	null	null	null	null	
27	9721	2012-09-07 16:42:20.0	2	C000007056	000000334	null	null	
27	88420	2012-05-22 13:09:20.0	2	C000087062	000000100	null	null	
27	89120	2013-01-29 16:20:07.0	2	C000087120	null	null	null	
27	89632	2012-12-03 14:59:06.0	2	null	null	null	null	
27	100094	2012-04-18 11:53:06.0	2	null	null	null	null	
27	100125	2012-04-18 14:26:39.0	2	null	null	null	null	
27	100125	2012-04-18 15:12:27.0	2	null	null	null	null	
27	100125	2012-04-18 15:20:04.0	2	null	null	null	null	
28	2362	2014-04-05 13:53:35.0	2	null	null	eMail	null	
28	2362	2012-05-06 14:34:03.0	2	C000007010	000000188	eMail	null	
28	3933	2015-10-20 08:49:04.0	2	null	null	null	null	
28	3933	2015-10-20 08:59:24.0	2	null	null	null	null	
28	3933	2015-10-20 09:21:59.0	2	null	null	null	null	
28	3933	2015-10-20 10:06:47.0	2	null	null	null	null	
28	3934	2015-10-20 08:49:04.0	2	null	null	null	null	
28	3934	2015-10-20 08:59:24.0	2	null	null	null	null	
28	3934	2015-10-20 09:21:59.0	2	null	null	null	null	
28	3934	2015-10-20 10:06:47.0	2	null	null	null	null	
28	7236	2012-05-25 16:39:57.0	2	null	null	null	null	
28	89632	2012-12-03 14:59:06.0	2	null	null	null	null	
28	100096	2012-04-18 11:53:06.0	2	null	null	null	null	
28	100121	2012-04-18 14:26:39.0	2	null	null	null	null	
28	100121	2012-04-18 15:12:27.0	2	null	null	null	null	
28	100121	2012-04-18 15:20:04.0	2	null	null	null	null	
29	607	2012-03-02 14:57:32.0	2	C000000166	000000160	null	null	
29	801	2012-01-09 12:42:52.0	2	null	null	null	null	
29	2516	2014-01-01 00:00:00.0	2	null	null	null	null	
29	2526	2014-02-01 00:00:00.0	2	null	null	null	null	
29	2546	2014-04-01 00:00:00.0	2	null	null	null	null	
29	3933	2015-10-20 08:49:04.0	2	null	null	null	null	
29	3933	2015-10-20 08:59:24.0	2	null	null	null	null	
29	3933	2015-10-20 09:21:59.0	2	null	null	null	null	
29	3933	2015-10-20 10:06:47.0	2	null	null	null	null	
29	3934	2015-10-20 08:49:04.0	2	null	null	null	null	
29	3934	2015-10-20 08:59:24.0	2	null	null	null	null	
29	3934	2015-10-20 09:21:59.0	2	null	null	null	null	
29	3934	2015-10-20 10:06:47.0	2	null	null	null	null	
29	3942	2015-10-20 09:22:00.0	2	null	null	null	null	
29	3942	2015-10-20 10:06:48.0	2	null	null	null	null	
29	9452	2012-09-06 13:49:56.0	2	null	null	null	null	
29	9452	2012-09-07 15:15:49.0	2	null	null	null	null	
29	88420	2012-05-22 13:09:20.0	2	C000087062	000000100	null	null	
29	89632	2012-12-03 14:59:06.0	2	null	null	null	null	
29	100094	2012-04-18 11:53:06.0	2	null	null	null	null	
29	100123	2012-04-18 14:26:39.0	2	null	null	null	null	
29	100123	2012-04-18 15:12:27.0	2	null	null	null	null	
29	100123	2012-04-18 15:20:04.0	2	null	null	null	null	
29	102169	2012-05-06 13:20:46.0	2	null	null	null	null	
29	102169	2012-05-06 13:30:49.0	2	null	null	null	null	
29	102254	2012-07-22 06:44:53.0	2	null	null	null	null	
29	316033	2013-01-30 12:17:56.0	2	null	null	null	null	
30	607	2012-03-02 14:57:32.0	2	C000000166	000000160	null	null	
30	2364	2014-04-05 13:52:22.0	2	null	null	Direct Mail	null	
30	2516	2014-01-01 00:00:00.0	2	null	null	null	null	
30	2526	2014-02-01 00:00:00.0	2	null	null	null	null	
30	2546	2014-04-01 00:00:00.0	2	null	null	null	null	
30	3933	2015-10-20 08:49:04.0	2	null	null	null	null	
30	3933	2015-10-20 08:59:24.0	2	null	null	null	null	
30	3933	2015-10-20 09:21:59.0	2	null	null	null	null	
30	3933	2015-10-20 10:06:47.0	2	null	null	null	null	
30	3934	2015-10-20 08:49:04.0	2	null	null	null	null	
30	3934	2015-10-20 08:59:24.0	2	null	null	null	null	
30	3934	2015-10-20 09:21:59.0	2	null	null	null	null	
30	3934	2015-10-20 10:06:47.0	2	null	null	null	null	
30	3942	2015-10-20 09:22:00.0	2	null	null	null	null	
30	3942	2015-10-20 10:06:48.0	2	null	null	null	null	
30	9720	2012-09-07 16:41:04.0	2	C000007056	000000358	null	null	
30	88422	2012-05-22 13:09:20.0	2	C000087062	000000100	null	null	
30	89119	2013-01-29 16:20:08.0	2	null	null	null	null	
30	89632	2012-12-03 14:59:06.0	2	null	null	null	null	
30	100094	2012-04-18 11:53:06.0	2	null	null	null	null	
30	100121	2012-04-18 14:26:39.0	2	null	null	null	null	
30	100121	2012-04-18 15:12:27.0	2	null	null	null	null	
30	100121	2012-04-18 15:20:04.0	2	null	null	null	null	
31	2516	2014-01-01 00:00:00.0	2	null	null	null	null	
31	2526	2014-02-01 00:00:00.0	2	null	null	null	null	
31	2546	2014-04-01 00:00:00.0	2	null	null	null	null	
31	3933	2015-10-20 08:49:04.0	2	null	null	null	null	
31	3933	2015-10-20 08:59:24.0	2	null	null	null	null	
31	3933	2015-10-20 09:21:59.0	2	null	null	null	null	
31	3933	2015-10-20 10:06:47.0	2	null	null	null	null	
31	3934	2015-10-20 08:49:04.0	2	null	null	null	null	
31	3934	2015-10-20 08:59:24.0	2	null	null	null	null	
31	3934	2015-10-20 09:21:59.0	2	null	null	null	null	
31	3934	2015-10-20 10:06:47.0	2	null	null	null	null	
31	3942	2015-10-20 09:22:00.0	2	null	null	null	null	
31	3942	2015-10-20 10:06:48.0	2	null	null	null	null	
31	50176	2011-11-12 14:19:26.0	2	null	null	null	null	
31	88419	2012-05-22 13:09:20.0	2	C000087062	000000094	null	null	
31	89117	2013-01-29 16:20:08.0	2	null	null	null	null	
31	89632	2012-12-03 14:59:06.0	2	null	null	null	null	
31	100096	2012-04-18 11:53:06.0	2	null	null	null	null	
31	100123	2012-04-18 14:26:39.0	2	null	null	null	null	
31	100123	2012-04-18 15:12:27.0	2	null	null	null	null	
31	100123	2012-04-18 15:20:04.0	2	null	null	null	null	
32	2526	2014-02-01 00:00:00.0	2	null	null	null	null	
32	2546	2014-04-01 00:00:00.0	2	null	null	null	null	
32	3933	2015-10-20 08:49:04.0	2	null	null	null	null	
32	3933	2015-10-20 08:59:24.0	2	null	null	null	null	
32	3933	2015-10-20 09:21:59.0	2	null	null	null	null	
32	3933	2015-10-20 10:06:47.0	2	null	null	null	null	
32	3934	2015-10-20 08:49:04.0	2	null	null	null	null	
32	3934	2015-10-20 08:59:24.0	2	null	null	null	null	
32	3934	2015-10-20 09:21:59.0	2	null	null	null	null	
32	3934	2015-10-20 10:06:47.0	2	null	null	null	null	
32	89632	2012-12-03 14:59:06.0	2	null	null	null	null	
32	100096	2012-04-18 11:53:06.0	2	null	null	null	null	
32	100125	2012-04-18 14:26:39.0	2	null	null	null	null	
32	100125	2012-04-18 15:12:27.0	2	null	null	null	null	
32	100125	2012-04-18 15:20:04.0	2	null	null	null	null	
33	801	2012-01-09 12:42:52.0	2	null	null	null	null	
33	2362	2014-04-05 13:53:35.0	2	null	null	eMail	null	
33	2362	2012-05-06 14:34:03.0	2	C000007010	000000188	eMail	null	
33	2516	2014-01-01 00:00:00.0	2	null	null	null	null	
33	2526	2014-02-01 00:00:00.0	2	null	null	null	null	
33	2546	2014-04-01 00:00:00.0	2	null	null	null	null	
33	2789	2014-06-08 14:21:41.0	2	null	null	null	null	
33	2797	2014-06-08 14:33:31.0	2	null	null	null	null	
33	2931	2014-06-08 16:42:08.0	2	null	null	null	null	
33	3933	2015-10-20 08:49:04.0	2	null	null	null	null	
33	3933	2015-10-20 08:59:24.0	2	null	null	null	null	
33	3933	2015-10-20 09:21:59.0	2	null	null	null	null	
33	3933	2015-10-20 10:06:47.0	2	null	null	null	null	
33	3934	2015-10-20 08:49:04.0	2	null	null	null	null	
33	3934	2015-10-20 08:59:24.0	2	null	null	null	null	
33	3934	2015-10-20 09:21:59.0	2	null	null	null	null	
33	3934	2015-10-20 10:06:47.0	2	null	null	null	null	
33	3942	2015-10-20 09:22:00.0	2	null	null	null	null	
33	3942	2015-10-20 10:06:48.0	2	null	null	null	null	
33	7142	2011-10-29 14:51:28.0	2	C000007008	null	null	null	
33	7236	2012-05-25 16:39:57.0	2	null	null	null	null	
33	9057	2012-09-06 10:46:49.0	2	null	null	null	null	
33	9721	2012-09-07 16:42:20.0	2	C000007056	000000334	null	null	
33	50176	2011-11-12 14:19:26.0	2	null	null	null	null	
33	88420	2012-05-22 13:09:20.0	2	C000087062	000000100	null	null	
33	89118	2013-01-29 16:20:07.0	2	C000087120	null	null	null	
33	89632	2012-12-03 14:59:06.0	2	null	null	null	null	
33	100094	2012-04-18 11:53:06.0	2	null	null	null	null	
33	100462	2012-04-24 23:36:53.0	2	null	null	null	null	
34	801	2012-01-09 12:42:52.0	2	null	null	null	null	
34	2362	2014-04-05 13:53:35.0	2	null	null	eMail	null	
34	2362	2012-05-06 14:34:03.0	2	C000007010	000000188	eMail	null	
34	2516	2014-01-01 00:00:00.0	2	null	null	null	null	
34	2526	2014-02-01 00:00:00.0	2	null	null	null	null	
34	2546	2014-04-01 00:00:00.0	2	null	null	null	null	
34	3933	2015-10-20 08:49:04.0	2	null	null	null	null	
34	3933	2015-10-20 08:59:24.0	2	null	null	null	null	
34	3933	2015-10-20 09:21:59.0	2	null	null	null	null	
34	3933	2015-10-20 10:06:47.0	2	null	null	null	null	
34	3934	2015-10-20 08:49:04.0	2	null	null	null	null	
34	3934	2015-10-20 08:59:24.0	2	null	null	null	null	
34	3934	2015-10-20 09:21:59.0	2	null	null	null	null	
34	3934	2015-10-20 10:06:47.0	2	null	null	null	null	
34	7236	2012-05-25 16:39:57.0	2	null	null	null	null	
34	50037	2011-11-15 15:35:20.0	2	C000050007	000050005	Direct Mail	null	
34	50114	2011-11-15 14:36:21.0	2	C000050009	null	Direct Mail	null	
34	88081	2012-04-11 05:47:24.0	2	C000007010	000000188	null	null	
34	88420	2012-05-22 13:09:20.0	2	C000087062	000000100	null	null	
34	89119	2013-01-29 16:20:08.0	2	null	null	null	null	
34	89632	2012-12-03 14:59:06.0	2	null	null	null	null	
34	100096	2012-04-18 11:53:06.0	2	null	null	null	null	
34	100121	2012-04-18 14:26:39.0	2	null	null	null	null	
34	100121	2012-04-18 15:12:27.0	2	null	null	null	null	
34	100121	2012-04-18 15:20:04.0	2	null	null	null	null	
34	102168	2012-05-06 13:20:46.0	2	null	null	null	null	
34	102168	2012-05-06 13:30:49.0	2	null	null	null	null	
35	2364	2014-04-05 13:52:22.0	2	null	null	Direct Mail	null	
35	2364	2012-05-06 14:31:26.0	2	C000007010	000000184	Direct Mail	null	
35	2516	2014-01-01 00:00:00.0	2	null	null	null	null	
35	2526	2014-02-01 00:00:00.0	2	null	null	null	null	
35	2546	2014-04-01 00:00:00.0	2	null	null	null	null	
35	3933	2015-10-20 08:49:04.0	2	null	null	null	null	
35	3933	2015-10-20 08:59:24.0	2	null	null	null	null	
35	3933	2015-10-20 09:21:59.0	2	null	null	null	null	
35	3933	2015-10-20 10:06:47.0	2	null	null	null	null	
35	3934	2015-10-20 08:49:04.0	2	null	null	null	null	
35	3934	2015-10-20 08:59:24.0	2	null	null	null	null	
35	3934	2015-10-20 09:21:59.0	2	null	null	null	null	
35	3934	2015-10-20 10:06:47.0	2	null	null	null	null	
35	3942	2015-10-20 09:22:00.0	2	null	null	null	null	
35	3942	2015-10-20 10:06:48.0	2	null	null	null	null	
35	7138	2011-10-29 14:51:28.0	2	C000007008	null	null	null	
35	7236	2012-05-25 16:39:57.0	2	null	null	null	null	
35	8216	2012-07-15 11:41:49.0	2	null	000000253	null	null	
35	50037	2011-11-15 15:35:20.0	2	C000050007	000050005	Direct Mail	null	
35	50114	2011-11-15 14:36:21.0	2	C000050009	null	Direct Mail	null	
35	88079	2012-04-11 05:47:24.0	2	C000050007	000050005	null	null	
35	88421	2012-05-22 13:09:20.0	2	C000087062	000000094	null	null	
35	89120	2013-01-29 16:20:07.0	2	C000087120	null	null	null	
35	89632	2012-12-03 14:59:06.0	2	null	null	null	null	
35	100096	2012-04-18 11:53:06.0	2	null	null	null	null	
35	100125	2012-04-18 14:26:39.0	2	null	null	null	null	
35	100125	2012-04-18 15:12:27.0	2	null	null	null	null	
35	100125	2012-04-18 15:20:04.0	2	null	null	null	null	
35	101941	2012-04-30 12:46:22.0	2	C000100097	000100110	eMail	null	
35	102168	2012-05-06 13:20:46.0	2	null	null	null	null	
35	102168	2012-05-06 13:30:49.0	2	null	null	null	null	
36	2362	2014-04-05 13:53:35.0	2	null	null	eMail	null	
36	2362	2012-05-06 14:34:03.0	2	C000007010	000000188	eMail	null	
36	2516	2014-01-01 00:00:00.0	2	null	null	null	null	
36	2526	2014-02-01 00:00:00.0	2	null	null	null	null	
36	2546	2014-04-01 00:00:00.0	2	null	null	null	null	
36	2931	2014-06-08 16:42:08.0	2	null	null	null	null	
36	3933	2015-10-20 08:49:04.0	2	null	null	null	null	
36	3933	2015-10-20 08:59:24.0	2	null	null	null	null	
36	3933	2015-10-20 09:21:59.0	2	null	null	null	null	
36	3933	2015-10-20 10:06:47.0	2	null	null	null	null	
36	3934	2015-10-20 08:49:04.0	2	null	null	null	null	
36	3934	2015-10-20 08:59:24.0	2	null	null	null	null	
36	3934	2015-10-20 09:21:59.0	2	null	null	null	null	
36	3934	2015-10-20 10:06:47.0	2	null	null	null	null	
36	7236	2012-05-25 16:39:57.0	2	null	null	null	null	
36	8302	2012-07-15 11:41:49.0	2	null	000000253	null	null	
36	9452	2012-09-06 13:49:56.0	2	null	null	null	null	
36	9452	2012-09-07 15:15:49.0	2	null	null	null	null	
36	89632	2012-12-03 14:59:06.0	2	null	null	null	null	
36	100096	2012-04-18 11:53:06.0	2	null	null	null	null	
36	100123	2012-04-18 14:26:39.0	2	null	null	null	null	
36	100123	2012-04-18 15:12:27.0	2	null	null	null	null	
36	100123	2012-04-18 15:20:04.0	2	null	null	null	null	
36	102254	2012-07-22 06:44:53.0	2	null	null	null	null	
36	316033	2013-01-30 12:17:56.0	2	null	null	null	null	
37	2359	2014-04-05 13:53:35.0	4	null	null	eMail	null	
37	2359	2012-05-06 14:34:03.0	4	C000007010	000000188	eMail	null	
37	2526	2014-02-01 00:00:00.0	2	null	null	null	null	
37	2546	2014-04-01 00:00:00.0	2	null	null	null	null	
37	2786	2014-06-08 14:21:41.0	2	null	null	null	null	
37	2797	2014-06-08 14:33:31.0	2	null	null	null	null	
37	3933	2015-10-20 08:49:04.0	2	null	null	null	null	
37	3933	2015-10-20 08:59:24.0	2	null	null	null	null	
37	3933	2015-10-20 09:21:59.0	2	null	null	null	null	
37	3933	2015-10-20 10:06:47.0	2	null	null	null	null	
37	3934	2015-10-20 08:49:04.0	2	null	null	null	null	
37	3934	2015-10-20 08:59:24.0	2	null	null	null	null	
37	3934	2015-10-20 09:21:59.0	2	null	null	null	null	
37	3934	2015-10-20 10:06:47.0	2	null	null	null	null	
37	7236	2012-05-25 16:39:57.0	2	null	null	null	null	
37	88419	2012-05-22 13:09:20.0	2	C000087062	000000094	null	null	
37	89632	2012-12-03 14:59:06.0	2	null	null	null	null	
37	100094	2012-04-18 11:53:06.0	2	null	null	null	null	
37	100123	2012-04-18 14:26:39.0	2	null	null	null	null	
37	100123	2012-04-18 15:12:27.0	2	null	null	null	null	
37	100123	2012-04-18 15:20:04.0	2	null	null	null	null	
38	801	2012-01-09 12:42:52.0	2	null	null	null	null	
38	2516	2014-01-01 00:00:00.0	2	null	null	null	null	
38	2526	2014-02-01 00:00:00.0	2	null	null	null	null	
38	2546	2014-04-01 00:00:00.0	2	null	null	null	null	
38	3933	2015-10-20 08:49:04.0	2	null	null	null	null	
38	3933	2015-10-20 08:59:24.0	2	null	null	null	null	
38	3933	2015-10-20 09:21:59.0	2	null	null	null	null	
38	3933	2015-10-20 10:06:47.0	2	null	null	null	null	
38	3934	2015-10-20 08:49:04.0	2	null	null	null	null	
38	3934	2015-10-20 08:59:24.0	2	null	null	null	null	
38	3934	2015-10-20 09:21:59.0	2	null	null	null	null	
38	3934	2015-10-20 10:06:47.0	2	null	null	null	null	
38	3942	2015-10-20 09:22:00.0	2	null	null	null	null	
38	3942	2015-10-20 10:06:48.0	2	null	null	null	null	
38	7136	2011-10-29 14:49:18.0	2	C000007008	null	null	null	
38	8321	2012-07-15 11:41:49.0	2	null	000000253	null	null	
38	9720	2012-09-07 16:41:04.0	2	C000007056	000000358	null	null	
38	88422	2012-05-22 13:09:20.0	2	C000087062	000000100	null	null	
38	89117	2013-01-29 16:20:08.0	2	null	null	null	null	
38	89632	2012-12-03 14:59:06.0	2	null	null	null	null	
38	100096	2012-04-18 11:53:06.0	2	null	null	null	null	
38	100123	2012-04-18 14:26:39.0	2	null	null	null	null	
38	100123	2012-04-18 15:12:27.0	2	null	null	null	null	
38	100123	2012-04-18 15:20:04.0	2	null	null	null	null	
39	3933	2015-10-20 08:49:04.0	2	null	null	null	null	
39	3933	2015-10-20 08:59:24.0	2	null	null	null	null	
39	3933	2015-10-20 09:21:59.0	2	null	null	null	null	
39	3933	2015-10-20 10:06:47.0	2	null	null	null	null	
39	3934	2015-10-20 08:49:04.0	2	null	null	null	null	
39	3934	2015-10-20 08:59:24.0	2	null	null	null	null	
39	3934	2015-10-20 09:21:59.0	2	null	null	null	null	
39	3934	2015-10-20 10:06:47.0	2	null	null	null	null	
39	3942	2015-10-20 09:22:00.0	2	null	null	null	null	
39	3942	2015-10-20 10:06:48.0	2	null	null	null	null	
39	9715	2012-09-07 16:42:20.0	2	C000007056	000000330	null	null	
39	9925	2012-09-13 17:03:31.0	2	C000007069	000000390	null	null	
39	88419	2012-05-22 13:09:20.0	2	C000087062	000000094	null	null	
39	89632	2012-12-03 14:59:06.0	2	null	null	null	null	
39	100096	2012-04-18 11:53:06.0	2	null	null	null	null	
39	100125	2012-04-18 14:26:39.0	2	null	null	null	null	
39	100125	2012-04-18 15:12:27.0	2	null	null	null	null	
39	100125	2012-04-18 15:20:04.0	2	null	null	null	null	
40	2362	2014-04-05 13:53:35.0	2	null	null	eMail	null	
40	2362	2012-05-06 14:34:03.0	2	C000007010	000000188	eMail	null	
40	2789	2014-06-08 14:21:41.0	2	null	null	null	null	
40	2797	2014-06-08 14:33:31.0	2	null	null	null	null	
40	3933	2015-10-20 08:49:04.0	2	null	null	null	null	
40	3933	2015-10-20 08:59:24.0	2	null	null	null	null	
40	3933	2015-10-20 09:21:59.0	2	null	null	null	null	
